[
    {
        "image": "https://picsum.photos/id/101/300/200",
        "name": "Immagine 1",
        "price": "€10.99"
    },
    {
        "image": "https://picsum.photos/id/102/300/200",
        "name": "Immagine 2",
        "price": "€15.99"
    },
    {
        "image": "https://picsum.photos/id/103/300/200",
        "name": "Immagine 3",
        "price": "€20.99"
    },
    {
        "image": "https://picsum.photos/id/104/300/200",
        "name": "Immagine 4",
        "price": "€25.99"
    },
    {
        "image": "https://picsum.photos/id/105/300/200",
        "name": "Immagine 5",
        "price": "€30.99"
    },
    {
        "image": "https://picsum.photos/id/106/300/200",
        "name": "Immagine 6",
        "price": "€35.99"
    },
    {
        "image": "https://picsum.photos/id/107/300/200",
        "name": "Immagine 7",
        "price": "€40.99"
    },
    {
        "image": "https://picsum.photos/id/108/300/200",
        "name": "Immagine 8",
        "price": "€45.99"
    },
    {
        "image": "https://picsum.photos/id/109/300/200",
        "name": "Immagine 9",
        "price": "€50.99"
    },
    {
        "image": "https://picsum.photos/id/110/300/200",
        "name": "Immagine 10",
        "price": "€55.99"
    },
    {
        "image": "https://picsum.photos/id/111/300/200",
        "name": "Immagine 11",
        "price": "€60.99"
    },
    {
        "image": "https://picsum.photos/id/112/300/200",
        "name": "Immagine 12",
        "price": "€65.99"
    },
    {
        "image": "https://picsum.photos/id/113/300/200",
        "name": "Immagine 13",
        "price": "€70.99"
    },
    {
        "image": "https://picsum.photos/id/114/300/200",
        "name": "Immagine 14",
        "price": "€75.99"
    },
    {
        "image": "https://picsum.photos/id/115/300/200",
        "name": "Immagine 15",
        "price": "€80.99"
    }
]
